Classe terapèutica,Principi actiu,Nom Comercial,CN,Dispositiu / Presentació,Dosi recomanada,Tipus de dispositiu,Petjada CO₂,Flux inspiratori,Flux Pas 4,Informació dispositiu,Fecha de Incorporación,Origen (Link CIMA),Estado de Validación,PHF,MATMA
SABA,Salbutamol,Ventolin®,656706,pMDI: 100 mcg/inhalació,"100-200 mcg c/6h si cal
(D màx. 200 mcg c/6h)",ICP,🔴 , 20-30 l/m,Lenta,https://scientiasalut.gencat.cat/handle/11351/11880,,,,★,
SABA,Salbutamol,Salbutamol Aldo-Union®,797183,pMDI: 100 mcg/inhalació,"100-200 mcg c/6h si cal
(D màx. 200 mcg c/6h)",ICP,🔴 , 20-30 l/m,Lenta,https://scientiasalut.gencat.cat/handle/11351/11880,,,,★,
SABA,Salbutamol,Ventoaldo®,652530,pMDI: 100 mcg/inhalació,"100-200 mcg c/6h si cal
(D màx. 200 mcg c/6h)",ICP,🔴 , 20-30 l/m,Lenta,https://scientiasalut.gencat.cat/handle/11351/11880,,,,★,
SABA,Terbutalina,Terbasmin®,723500,Turbuhaler®: 500 mcg/inh,"500 mcg si cal
(D.màx. 6000 mcg c/24h)",IPS multi,🟢,50-60 l/m,Ràpida,https://scientiasalut.gencat.cat/handle/11351/11893,,,,,
LABA,Salmeterol,Serevent®,670497,pMDI: 25 mcg/inh,"50 mcg c/12 h
(D. Màx. 100 mcg/12h)",ICP,🔴 , 20-30 l/m,Lenta,https://scientiasalut.gencat.cat/handle/11351/11880,,,,★,
LABA,Salmeterol,Beglan®,667105,pMDI: 25 mcg/inh,"50 mcg c/12 h
(D. Màx. 100 mcg/12h)",ICP,🔴 , 20-30 l/m,Lenta,https://scientiasalut.gencat.cat/handle/11351/11880,,,,★,
LABA,Salmeterol,Betamican®,940320,pMDI: 25 mcg/inh,"50 mcg c/12 h
(D. Màx. 100 mcg/12h)",ICP,🔴 , 20-30 l/m,Lenta,https://scientiasalut.gencat.cat/handle/11351/11880,,,,★,
LABA,Salmeterol,Inaspir®,936989,pMDI: 25 mcg/inh,"50 mcg c/12 h
(D. Màx. 100 mcg/12h)",ICP,🔴 , 20-30 l/m,Lenta,https://scientiasalut.gencat.cat/handle/11351/11880,,,,★,
LABA,Salmeterol,Serevent®,670513,Accuhaler®: 50 mcg/inh,"50 mcg c/12 h
(D. Màx. 100 mcg/12h)",IPS multi,🟢,60-90 l/m,Ràpida,https://scientiasalut.gencat.cat/handle/11351/11813,,,,★,
LABA,Salmeterol,Beglan®,667097,Accuhaler®: 50 mcg/inh,"50 mcg c/12 h
(D. Màx. 100 mcg/12h)",IPS multi,🟢,60-90 l/m,Ràpida,https://scientiasalut.gencat.cat/handle/11351/11813,,,,★,
LABA,Salmeterol,Betamican®,939033,Accuhaler®: 50 mcg/inh,"50 mcg c/12 h
(D. Màx. 100 mcg/12h)",IPS multi,🟢,60-90 l/m,Ràpida,https://scientiasalut.gencat.cat/handle/11351/11813,,,,★,
LABA,Salmeterol,Inaspir®,937318,Accuhaler®: 50 mcg/inh,"50 mcg c/12 h
(D. Màx. 100 mcg/12h)",IPS multi,🟢,60-90 l/m,Ràpida,https://scientiasalut.gencat.cat/handle/11351/11813,,,,★,
LABA,Formoterol,Broncoral Neo®,652118,pMDI: 12 mcg/inh,"12 mcg c/12 h
(D. Màx. 24 mcg c/12h)",ICP,🔴 , 20-30 l/m,Lenta,https://scientiasalut.gencat.cat/handle/11351/11880,,,,★,
LABA,Formoterol,Oxis®,668863,Turbuhaler®: 9 mcg/inh,"12 mcg c/12 h
(D. Màx. 24 mcg c/12h)",IPS multi,🟢,50-60 l/m,Ràpida,https://scientiasalut.gencat.cat/handle/11351/11893,,,,★,
LABA,Formoterol,Foradil®,657775,Aerolizer®: 12 mcg/inh,"12 mcg c/12 h
(D. Màx. 24 mcg c/12h)",IPS uni ,🟢,>90 l/m,Ràpida,https://scientiasalut.gencat.cat/handle/11351/11815,,,,★,
LABA,Formoterol,Formoterol Aldo-Union®,650654,Aerolizer®: 12 mcg/inh,"12 mcg c/12 h
(D. Màx. 24 mcg c/12h)",IPS uni ,🟢,>90 l/m,Ràpida,https://scientiasalut.gencat.cat/handle/11351/11815,,,,★,
LABA,Formoterol,Formoterol Stada®,650684,Aerolizer®: 12 mcg/inh,"12 mcg c/12 h
(D. Màx. 24 mcg c/12h)",IPS uni ,🟢,>90 l/m,Ràpida,https://scientiasalut.gencat.cat/handle/11351/11815,,,,★,
LABA,Formoterol,Formatris®,656120,Novolizer®: 12 mcg/inh,"12 mcg c/12 h
(D. Màx. 24 mcg c/12h)",IPS multi,🟢,60-90 l/m,Ràpida,https://scientiasalut.gencat.cat/handle/11351/11882,,,,★,
LABA,Indacaterol,Onbrez®,"664465, 664467","Breezhaler®: 150, 300 mcg/inh","150 mcg c/24 h
(D. Màx. 300 mcg c/24h)",IPS uni ,🟢,>90 l/m,Ràpida,https://scientiasalut.gencat.cat/handle/11351/11816,,,,★,
LABA,Indacaterol,Hirobriz®,665951.665952,"Breezhaler®: 150, 300 mcg/inh","150 mcg c/24 h
(D. Màx. 300 mcg c/24h)",IPS uni ,🟢,>90 l/m,Ràpida,https://scientiasalut.gencat.cat/handle/11351/11816,,,,★,
LABA,Indacaterol,Oslif®,665937,"Breezhaler®: 150, 300 mcg/inh","150 mcg c/24 h
(D. Màx. 300 mcg c/24h)",IPS uni ,🟢,>90 l/m,Ràpida,https://scientiasalut.gencat.cat/handle/11351/11816,,,,★,
LABA,Olodaterol,Striverdi®,726792,Respimat®: 2.5 mcg/inh,"5 mcg c/24 h
(D.màx. 5 mcg/24 h)",IVS,🟢, 20-30 l/m,Lenta,https://scientiasalut.gencat.cat/handle/11351/11891,,,,,
SAMA,Bromur d'ipratropi,Atrovent®,720011,pMDI: 20 mcg/inh,"40 mcg c/6h si cal
(D.màx. 240 mcg c/24 h)",ICP,🔴 , 20-30 l/m,Lenta,https://scientiasalut.gencat.cat/handle/11351/11880,,,,★,
SAMA,Bromur d'ipratropi,Atroaldo®,"672312 , 605412",pMDI: 20 mcg/inh,"40 mcg c/6h si cal
(D.màx. 240 mcg c/24 h)",ICP,🔴 , 20-30 l/m,Lenta,https://scientiasalut.gencat.cat/handle/11351/11880,,,,★,
LAMA,Bromur de tiotropi,Spiriva®,654832,Handihaler®: 18 mcg/inh,"18 mcg c/24 h
(D.màx: 18 mcg c/24 h)",IPS uni ,🟢,<50 l/m,Ràpida,https://scientiasalut.gencat.cat/handle/11351/11879,,,,★,
LAMA,Bromur de tiotropi,Spiriva®,725948,Respimat®: 2.5 mcg/inh,"5 mcg c/24 h
(D.màx: 5 mcg c/24 h)",IVS,🟢, 20-30 l/m,Lenta,https://scientiasalut.gencat.cat/handle/11351/11891,,,,★,
LAMA,Bromur de tiotropi,Braltus®,711251,Zonda®: 10 mcg/inh,"10 mcg c/24h
(D.màx: 10 mcg c/24h)",IPS uni ,🟢,,Ràpida,https://scientiasalut.gencat.cat/handle/11351/11895,,,,★,
LAMA,Bromur de tiotropi,Gregal®,711250,Zonda®: 10 mcg/inh,"10 mcg c/24h
(D.màx: 10 mcg c/24h)",IPS uni ,🟢,,Ràpida,https://scientiasalut.gencat.cat/handle/11351/11895,,,,★,
LAMA,Bromur d'aclidini,Eklira®,693094,Genuair®: 322 mcg/inh,"322 mcg c/12 h
(D.màx: 322 mcg c/12 h)",IPS multi,🟢,60-90 l/m,Ràpida,https://scientiasalut.gencat.cat/handle/11351/11878,,,,,
LAMA,Bromur d'aclidini,Bretaris®,693582,Genuair®: 322 mcg/inh,"322 mcg c/12 h
(D.màx: 322 mcg c/12 h)",IPS multi,🟢,60-90 l/m,Ràpida,https://scientiasalut.gencat.cat/handle/11351/11878,,,,,
LAMA,Bromur de glicopirroni,Seebri®,691456,Breezhaler®: 44 mcg/inh,"44 mcg c/24 h
(D.màx: 44 mcg c/24 h)",IPS uni ,🟢,>90 l/m,Ràpida,https://scientiasalut.gencat.cat/handle/11351/11816,,,,,
LAMA,Bromur de glicopirroni,Enurev®,698537,Breezhaler®: 44 mcg/inh,"44 mcg c/24 h
(D.màx: 44 mcg c/24 h)",IPS uni ,🟢,>90 l/m,Ràpida,https://scientiasalut.gencat.cat/handle/11351/11816,,,,,
LAMA,Bromur de glicopirroni,Tovanor®,698271,Breezhaler®: 44 mcg/inh,"44 mcg c/24 h
(D.màx: 44 mcg c/24 h)",IPS uni ,🟢,>90 l/m,Ràpida,https://scientiasalut.gencat.cat/handle/11351/11816,,,,,
LAMA,Bromur d'umeclidini,Incruse®,702569,Ellipta®: 55 mcg/inh,"55 mcg c/24 h
(D.màx: 55 mcg c/24 h)",IPS multi,🟢,<50 l/m,Ràpida,https://scientiasalut.gencat.cat/handle/11351/11818,,,,,
LAMA,Bromur d'umeclidini,Rolufta®,722407,Ellipta®: 55 mcg/inh,"55 mcg c/24 h
(D.màx: 55 mcg c/24 h)",IPS multi,🟢,<50 l/m,Ràpida,https://scientiasalut.gencat.cat/handle/11351/11818,,,,,
LABA/LAMA,Indacaterol / Glicopirroni,Ultibro®,700048,Breezhaler®: 85/43 mcg/inh,"85/43 mcg c/24 h
(D.màx: 85/43 mcg c/24 h)",IPS uni ,🟢,>90 l/m,Ràpida,https://scientiasalut.gencat.cat/handle/11351/11816,,,,★,
LABA/LAMA,Indacaterol / Glicopirroni,Xoterna®,700019,Breezhaler®: 85/43 mcg/inh,"85/43 mcg c/24 h
(D.màx: 85/43 mcg c/24 h)",IPS uni ,🟢,>90 l/m,Ràpida,https://scientiasalut.gencat.cat/handle/11351/11816,,,,★,
LABA/LAMA,Indacaterol / Glicopirroni,Ulunar®,702409,Breezhaler®: 85/43 mcg/inh,"85/43 mcg c/24 h
(D.màx: 85/43 mcg c/24 h)",IPS uni ,🟢,>90 l/m,Ràpida,https://scientiasalut.gencat.cat/handle/11351/11816,,,,★,
LABA/LAMA,Aclidini / Formoterol,Duaklir®,705081,Genuair®: 340/12 mcg/inh,"340/12 mcg c/12 h
(D.màx: 340/12 mcg c/12 h)",IPS multi,🟢,60-90 l/m,Ràpida,https://scientiasalut.gencat.cat/handle/11351/11878,,,,★,
LABA/LAMA,Aclidini / Formoterol,Brimica®,705080,Genuair®: 340/12 mcg/inh,"340/12 mcg c/12 h
(D.màx: 340/12 mcg c/12 h)",IPS multi,🟢,60-90 l/m,Ràpida,https://scientiasalut.gencat.cat/handle/11351/11878,,,,★,
LABA/LAMA,Umeclidini / Vilanterol,Anoro®,702566,Ellipta®: 55/22 mcg/inh,"55/22 mcg c/24 h
(D.màx: 55/22 mcg c/24)",IPS multi,🟢,<50 l/m,Ràpida,https://scientiasalut.gencat.cat/handle/11351/11818,,,,,
LABA/LAMA,Umeclidini / Vilanterol,Laventair Ellipta®,722403,Ellipta®: 55/22 mcg/inh,"55/22 mcg c/24 h
(D.màx: 55/22 mcg c/24)",IPS multi,🟢,<50 l/m,Ràpida,https://scientiasalut.gencat.cat/handle/11351/11818,,,,,
LABA/LAMA,Tiotropi / Olodaterol,Spiolto®,726796,Respimat®: 2.5/2.5 mcg/inh,"5/5 mcg c/24 h
(D.màx: 5/5 mcg c/24 h)",IVS,🟢, 20-30 l/m,Lenta,https://scientiasalut.gencat.cat/handle/11351/11891,,,,★,
LABA/LAMA,Tiotropi / Olodaterol,Yanimo®,726791,Respimat®: 2.5/2.5 mcg/inh,"5/5 mcg c/24 h
(D.màx: 5/5 mcg c/24 h)",IVS,🟢, 20-30 l/m,Lenta,https://scientiasalut.gencat.cat/handle/11351/11891,,,,★,
GCI,Budesonida,Pulmicort®,"660910, 651927, 885640","Turbuhaler®: 100, 200, 400 mcg/inh","Pauta en MPOC: 200-400 mcg/12 h
Pauta en Asma:
  Dosi baixa: 200-400 mcg/24h
  Dosi mitjana: 401-800 mcg/24h
  Dosi alta: 801-1.600 mcg/24h
(D. Màx: 800 mcg c/12h)",IPS multi,🟢,50-60 l/m,Ràpida,https://scientiasalut.gencat.cat/handle/11351/11893,,,,,
GCI,Budesonida,Budesonida Easyhaler®,"650966, 650965, 650967","Easyhaler®: 100, 200, 400 mcg/inh","Pauta en MPOC: 200-400 mcg/12 h
Pauta en Asma:
  Dosi baixa: 200-400 mcg/24h
  Dosi mitjana: 401-800 mcg/24h
  Dosi alta: 801-1.600 mcg/24h
(D. Màx: 800 mcg c/12h)",IPS multi,🟢,<50 l/m,Ràpida,https://scientiasalut.gencat.cat/handle/11351/11817,,,,,
GCI,Budesonida,Novopulm®,"945436, 652283","Novolizer® 200, 400 mcg/inh","Pauta en MPOC: 200-400 mcg/12 h
Pauta en Asma:
  Dosi baixa: 200-400 mcg/24h
  Dosi mitjana: 401-800 mcg/24h
  Dosi alta: 801-1.600 mcg/24h
(D. Màx: 800 mcg c/12h)",IPS multi,🟢,60-90 l/m,Ràpida,https://scientiasalut.gencat.cat/handle/11351/11882,,,,,
GCI,Budesonida,Budesonida Pulmictan®," 656614, 656615","pMDI: 50, 200 mcg/inh","Pauta en MPOC: 200-400 mcg/12 h
Pauta en Asma:
  Dosi baixa: 200-400 mcg/24h
  Dosi mitjana: 401-800 mcg/24h
  Dosi alta: 801-1.600 mcg/24h
(D. Màx: 800 mcg c/12h)",ICP,🔴 , 20-30 l/m,Lenta,https://scientiasalut.gencat.cat/handle/11351/11880,,,,,
GCI,Budesonida,Budesonida Aldo-Unión®,"668905,725241,672718","pMDI: 50, 100, 200 mcg/inh","Pauta en MPOC: 200-400 mcg/12 h
Pauta en Asma:
  Dosi baixa: 200-400 mcg/24h
  Dosi mitjana: 401-800 mcg/24h
  Dosi alta: 801-1.600 mcg/24h
(D. Màx: 800 mcg c/12h)",ICP,🔴 , 20-30 l/m,Lenta,https://scientiasalut.gencat.cat/handle/11351/11880,,,,,
GCI,Beclometasona,Becloforte®,917070,pMDI: 250 mcg/inh,"Pauta en MPOC: 250-500 mcg c/12h
Pauta en Asma:
  Dosi baixa: 200-500 mcg/24h
  Dosi mitjana: 501-1000 mcg/24h
  Dosi alta: 1001-2000 mcg/24h
(D.Màx: 2000 mcg c/24h)",ICP,🔴 , 20-30 l/m,Lenta,https://scientiasalut.gencat.cat/handle/11351/11880,,,,,
GCI,Beclometasona,Becotide®,715219,pMDI: 50 mcg/inh,"Pauta en MPOC: 250-500 mcg c/12h
Pauta en Asma:
  Dosi baixa: 200-500 mcg/24h
  Dosi mitjana: 501-1000 mcg/24h
  Dosi alta: 1001-2000 mcg/24h
(D.Màx: 2000 mcg c/24h)",ICP,🔴 , 20-30 l/m,Lenta,https://scientiasalut.gencat.cat/handle/11351/11880,,,,,
GCI,Ciclesonida,Alvesco®,763857,pMDI: 160 mcg/inh,"Pauta en Asma:
  Dosi baixa: 80-160 mcg/24h
  Dosi mitjana: 161-320 mcg/24h
  Dosi alta: 321-1280 mcg/24h
(D. Màx. 320 mcg c/12h)",ICP,🔴 , 20-30 l/m,Lenta,https://scientiasalut.gencat.cat/handle/11351/11880,,,,,
GCI,Propionat de fluticasona,Flixotide®," 689729, 689687","Accuhaler® 100, 250, 500 mcg/inh","Pauta en MPOC: 250-500 mcg c/12h
Pauta en Asma:
  Dosi baixa: 100-250 mcg/24h
  Dosi mitjana: 251-500 mcg/24h
  Dosi alta: 501-1000 mcg/24h
(D. Màx: 500 mcg c/12h)",IPS multi,🟢,60-90 l/m,Ràpida,https://scientiasalut.gencat.cat/handle/11351/11813,,,,,
GCI,Propionat de fluticasona,Trialona®,"662361, 662353","Accuhaler® 100, 250, 500 mcg/inh","Pauta en MPOC: 250-500 mcg c/12h
Pauta en Asma:
  Dosi baixa: 100-250 mcg/24h
  Dosi mitjana: 251-500 mcg/24h
  Dosi alta: 501-1000 mcg/24h
(D. Màx: 500 mcg c/12h)",IPS multi,🟢,60-90 l/m,Ràpida,https://scientiasalut.gencat.cat/handle/11351/11813,,,,,
GCI,Propionat de fluticasona,Flusonal®,689083.689042,"Accuhaler® 100, 250, 500 mcg/inh","Pauta en MPOC: 250-500 mcg c/12h
Pauta en Asma:
  Dosi baixa: 100-250 mcg/24h
  Dosi mitjana: 251-500 mcg/24h
  Dosi alta: 501-1000 mcg/24h
(D. Màx: 500 mcg c/12h)",IPS multi,🟢,60-90 l/m,Ràpida,https://scientiasalut.gencat.cat/handle/11351/11813,,,,,
GCI,Propionat de fluticasona,Inalacor®,686139.686097,"Accuhaler® 100, 250, 500 mcg/inh","Pauta en MPOC: 250-500 mcg c/12h
Pauta en Asma:
  Dosi baixa: 100-250 mcg/24h
  Dosi mitjana: 251-500 mcg/24h
  Dosi alta: 501-1000 mcg/24h
(D. Màx: 500 mcg c/12h)",IPS multi,🟢,60-90 l/m,Ràpida,https://scientiasalut.gencat.cat/handle/11351/11813,,,,,
GCI,Propionat de fluticasona,Flixotide®,"689786, 689745","pMDI 50, 125, 250 mcg/inh","Pauta en MPOC: 250-500 mcg c/12h
Pauta en Asma:
  Dosi baixa: 100-250 mcg/24h
  Dosi mitjana: 251-500 mcg/24h
  Dosi alta: 501-1000 mcg/24h
(D. Màx: 500 mcg c/12h)",ICP,🔴 , 20-30 l/m,Lenta,https://scientiasalut.gencat.cat/handle/11351/11880,,,,,
GCI,Propionat de fluticasona,Trialona®,"665570, 665562","pMDI 50, 125, 250 mcg/inh","Pauta en MPOC: 250-500 mcg c/12h
Pauta en Asma:
  Dosi baixa: 100-250 mcg/24h
  Dosi mitjana: 251-500 mcg/24h
  Dosi alta: 501-1000 mcg/24h
(D. Màx: 500 mcg c/12h)",ICP,🔴 , 20-30 l/m,Lenta,https://scientiasalut.gencat.cat/handle/11351/11880,,,,,
GCI,Propionat de fluticasona,Inalacor®,686196.686154,"pMDI 50, 125, 250 mcg/inh","Pauta en MPOC: 250-500 mcg c/12h
Pauta en Asma:
  Dosi baixa: 100-250 mcg/24h
  Dosi mitjana: 251-500 mcg/24h
  Dosi alta: 501-1000 mcg/24h
(D. Màx: 500 mcg c/12h)",ICP,🔴 , 20-30 l/m,Lenta,https://scientiasalut.gencat.cat/handle/11351/11880,,,,,
GCI,Propionat de fluticasona,Flusonal®," 689141,689109","pMDI 50, 125, 250 mcg/inh","Pauta en MPOC: 250-500 mcg c/12h
Pauta en Asma:
  Dosi baixa: 100-250 mcg/24h
  Dosi mitjana: 251-500 mcg/24h
  Dosi alta: 501-1000 mcg/24h
(D. Màx: 500 mcg c/12h)",ICP,🔴 , 20-30 l/m,Lenta,https://scientiasalut.gencat.cat/handle/11351/11880,,,,,
GCI,Propionat de fluticasona,Fluticasona Cipla®,"705031, 705033","pMDI 50, 125, 250 mcg/inh","Pauta en MPOC: 250-500 mcg c/12h
Pauta en Asma:
  Dosi baixa: 100-250 mcg/24h
  Dosi mitjana: 251-500 mcg/24h
  Dosi alta: 501-1000 mcg/24h
(D. Màx: 500 mcg c/12h)",ICP,🔴 , 20-30 l/m,Lenta,https://scientiasalut.gencat.cat/handle/11351/11880,,,,,
GCI,Mometasona furoat,Asmanex®," 744516, 751271","Twisthaler®: 200, 400 mcg/inh","Pauta en Asma:
  Dosi baixa: 200 mcg/24h
  Dosi mitjana: 400 mcg/24h
  Dosi alta: 800 mcg/24h
(D. Màx: 400 mcg c/12h)",IPS multi,🟢,<50 l/m,Ràpida,https://scientiasalut.gencat.cat/handle/11351/11894,,,,,
SABA/GCI,Salbutamol/ Beclometasona,Ventoduo®,948679,pMDI: 100/50 mcg,"200/100 mcg c/24h o c/12h
(D màx. 200/100 mcg c/6h)",ICP,🔴 , 20-30 l/m,Lenta,https://scientiasalut.gencat.cat/handle/11351/11880,,,,★,
LABA/GCI,Formoterol / Beclometasona,Foster®,"700581, 710247","Nexthaler®: 6/100, 6/200 mcg/inh","Pauta en MPOC: 12/200 mcg/12 h
Pauta en Asma:
  Dosi Baixa: 100/6 mcg: 1 inh c/12h
  Dosi Mitjana: 100/6 mcg: 2 inh c/12h
  Dosi Alta: 200/6 mcg: 2 inh c/12h
(D. Màx: 12/400 mcg c/12h)",IPS multi,🟢,60-90 l/m,Ràpida,https://scientiasalut.gencat.cat/handle/11351/11881,,,,★,
LABA/GCI,Formoterol / Beclometasona,Formodual®,"700582 ,710249","Nexthaler®: 6/100, 6/200 mcg/inh","Pauta en MPOC: 12/200 mcg/12 h
Pauta en Asma:
  Dosi Baixa: 100/6 mcg: 1 inh c/12h
  Dosi Mitjana: 100/6 mcg: 2 inh c/12h
  Dosi Alta: 200/6 mcg: 2 inh c/12h
(D. Màx: 12/400 mcg c/12h)",IPS multi,🟢,60-90 l/m,Ràpida,https://scientiasalut.gencat.cat/handle/11351/11881,,,,★,
LABA/GCI,Formoterol / Beclometasona,Foster®,"659065 ,709801","pMDI Modulite®: 6/100, 6/200 mcg/inh","Pauta en MPOC: 12/200 mcg/12 h
Pauta en Asma:
  Dosi Baixa: 100/6 mcg: 1 inh c/12h
  Dosi Mitjana: 100/6 mcg: 2 inh c/12h
  Dosi Alta: 200/6 mcg: 2 inh c/12h
(D. Màx: 12/400 mcg c/12h)",ICP,🔴 , 20-30 l/m,Lenta,https://scientiasalut.gencat.cat/handle/11351/11880,,,,★,
LABA/GCI,Formoterol / Beclometasona,Formodual®,"659075, 709802","pMDI Modulite®: 6/100, 6/200 mcg/inh","Pauta en MPOC: 12/200 mcg/12 h
Pauta en Asma:
  Dosi Baixa: 100/6 mcg: 1 inh c/12h
  Dosi Mitjana: 100/6 mcg: 2 inh c/12h
  Dosi Alta: 200/6 mcg: 2 inh c/12h
(D. Màx: 12/400 mcg c/12h)",ICP,🔴 , 20-30 l/m,Lenta,https://scientiasalut.gencat.cat/handle/11351/11880,,,,★,
LABA/GCI,Formoterol / Budesonida,Symbicort®,"723311,723314,723313","Turbuhaler®:4.5/80, 4.5/160, 9/320 mcg/inh","Pauta MPOC: 9/320 mcg c/12 h
Pauta en Asma:
  Dosi Baixa: 4.5/160 mcg c/12h
  Dosi Mitjana: 9/320 mcg c/12h
  Dosi Alta: 2 inhalacions de 9/320 mcg c/12h
(D.Màx: 36/1280 mcg c/24h)",IPS multi,🟢,50-60 l/m,Ràpida,https://scientiasalut.gencat.cat/handle/11351/11893,,,,★,
LABA/GCI,Formoterol / Budesonida,Rilast®,"723306,723315,723312","Turbuhaler®:4.5/80, 4.5/160, 9/320 mcg/inh","Pauta MPOC: 9/320 mcg c/12 h
Pauta en Asma:
  Dosi Baixa: 4.5/160 mcg c/12h
  Dosi Mitjana: 9/320 mcg c/12h
  Dosi Alta: 2 inhalacions de 9/320 mcg c/12h
(D.Màx: 36/1280 mcg c/24h)",IPS multi,🟢,50-60 l/m,Ràpida,https://scientiasalut.gencat.cat/handle/11351/11893,,,,★,
LABA/GCI,Formoterol / Budesonida,Symbicort®,"728894, 723307,","pMDI: 2.25/80, 4.5/160 mcg/inh","Pauta MPOC: 9/320 mcg c/12 h
Pauta en Asma:
  Dosi Baixa: 4.5/160 mcg c/12h
  Dosi Mitjana: 9/320 mcg c/12h
  Dosi Alta: 2 inhalacions de 9/320 mcg c/12h
(D.Màx: 36/1280 mcg c/24h)",ICP,🔴 , 20-30 l/m,Lenta,https://scientiasalut.gencat.cat/handle/11351/11880,,,,★,
LABA/GCI,Formoterol / Budesonida,Rilast®,723308,"pMDI: 2.25/80, 4.5/160 mcg/inh","Pauta MPOC: 9/320 mcg c/12 h
Pauta en Asma:
  Dosi Baixa: 4.5/160 mcg c/12h
  Dosi Mitjana: 9/320 mcg c/12h
  Dosi Alta: 2 inhalacions de 9/320 mcg c/12h
(D.Màx: 36/1280 mcg c/24h)",ICP,🔴 , 20-30 l/m,Lenta,https://scientiasalut.gencat.cat/handle/11351/11880,,,,★,
LABA/GCI,Formoterol / Budesonida,DuoResp®,"723297, 723298","Spiromax®: 4.5/160, 9/320 mcg/inh","Pauta MPOC: 9/320 mcg c/12 h
Pauta en Asma:
  Dosi Baixa: 4.5/160 mcg c/12h
  Dosi Mitjana: 9/320 mcg c/12h
  Dosi Alta: 2 inhalacions de 9/320 mcg c/12h
(D.Màx: 36/1280 mcg c/24h)",IPS multi,🟢,60-90 l/m,Ràpida,https://scientiasalut.gencat.cat/handle/11351/11892,,,,★,
LABA/GCI,Formoterol / Budesonida,Biresp®,"723304, 723305","Spiromax®: 4.5/160, 9/320 mcg/inh","Pauta MPOC: 9/320 mcg c/12 h
Pauta en Asma:
  Dosi Baixa: 4.5/160 mcg c/12h
  Dosi Mitjana: 9/320 mcg c/12h
  Dosi Alta: 2 inhalacions de 9/320 mcg c/12h
(D.Màx: 36/1280 mcg c/24h)",IPS multi,🟢,60-90 l/m,Ràpida,https://scientiasalut.gencat.cat/handle/11351/11892,,,,★,
LABA/GCI,Formoterol / Budesonida,Bufomix®,"723300, 723301","Easyhaler®: 4.5/160, 9/320 mcg/inh","Pauta MPOC: 9/320 mcg c/12 h
Pauta en Asma:
  Dosi Baixa: 4.5/160 mcg c/12h
  Dosi Mitjana: 9/320 mcg c/12h
  Dosi Alta: 2 inhalacions de 9/320 mcg c/12h
(D.Màx: 36/1280 mcg c/24h)",IPS multi,🟢,<50 l/m,Ràpida,https://scientiasalut.gencat.cat/handle/11351/11817,,,,★,
LABA/GCI,Formoterol / Budesonida,Gibiter®,"723302, 723299","Easyhaler®: 4.5/160, 9/320 mcg/inh","Pauta MPOC: 9/320 mcg c/12 h
Pauta en Asma:
  Dosi Baixa: 4.5/160 mcg c/12h
  Dosi Mitjana: 9/320 mcg c/12h
  Dosi Alta: 2 inhalacions de 9/320 mcg c/12h
(D.Màx: 36/1280 mcg c/24h)",IPS multi,🟢,<50 l/m,Ràpida,https://scientiasalut.gencat.cat/handle/11351/11817,,,,★,
LABA/GCI,Salmeterol / Fluticasona propionat,Seretide®,"804732,700538,700539","Accuhaler®: 50/100, 50/250, 50/500 mcg/inh","Pauta en MPOC: 50/500 mcg c/12 h
Pauta en Asma:
  Dosi Baixa: 50/100 mcg c/12h
  Dosi Mitjana: 50/250 mcg c/12h
  Dosi Alta: 50/500 mcg c/12h
(D. Máx: 50/500 mcg/12h)",IPS multi,🟢,60-90 l/m,Ràpida,https://scientiasalut.gencat.cat/handle/11351/11813,,,,★,
LABA/GCI,Salmeterol / Fluticasona propionat,Anasma®,",700543,700544, 842898","Accuhaler®: 50/100, 50/250, 50/500 mcg/inh","Pauta en MPOC: 50/500 mcg c/12 h
Pauta en Asma:
  Dosi Baixa: 50/100 mcg c/12h
  Dosi Mitjana: 50/250 mcg c/12h
  Dosi Alta: 50/500 mcg c/12h
(D. Máx: 50/500 mcg/12h)",IPS multi,🟢,60-90 l/m,Ràpida,https://scientiasalut.gencat.cat/handle/11351/11813,,,,★,
LABA/GCI,Salmeterol / Fluticasona propionat,Inaladuo®,"848671, 700545, 700546","Accuhaler®: 50/100, 50/250, 50/500 mcg/inh","Pauta en MPOC: 50/500 mcg c/12 h
Pauta en Asma:
  Dosi Baixa: 50/100 mcg c/12h
  Dosi Mitjana: 50/250 mcg c/12h
  Dosi Alta: 50/500 mcg c/12h
(D. Máx: 50/500 mcg/12h)",IPS multi,🟢,60-90 l/m,Ràpida,https://scientiasalut.gencat.cat/handle/11351/11813,,,,★,
LABA/GCI,Salmeterol / Fluticasona propionat,Plusvent®,"939959, 940544, 940551","Accuhaler®: 50/100, 50/250, 50/500 mcg/inh","Pauta en MPOC: 50/500 mcg c/12 h
Pauta en Asma:
  Dosi Baixa: 50/100 mcg c/12h
  Dosi Mitjana: 50/250 mcg c/12h
  Dosi Alta: 50/500 mcg c/12h
(D. Máx: 50/500 mcg/12h)",IPS multi,🟢,60-90 l/m,Ràpida,https://scientiasalut.gencat.cat/handle/11351/11813,,,,★,
LABA/GCI,Salmeterol / Fluticasona propionat,Seretide®,"874354,874578, 874586","pMDI: 25/50, 25/125, 25/250 mcg/inh","Pauta en MPOC: 50/500 mcg c/12 h
Pauta en Asma:
  Dosi Baixa: 50/100 mcg c/12h
  Dosi Mitjana: 50/250 mcg c/12h
  Dosi Alta: 50/500 mcg c/12h
(D. Máx: 50/500 mcg/12h)",ICP,🔴 , 20-30 l/m,Lenta,https://scientiasalut.gencat.cat/handle/11351/11880,,,,★,
LABA/GCI,Salmeterol / Fluticasona propionat,Anasma®,"813089,816264,817684","pMDI: 25/50, 25/125, 25/250 mcg/inh","Pauta en MPOC: 50/500 mcg c/12 h
Pauta en Asma:
  Dosi Baixa: 50/100 mcg c/12h
  Dosi Mitjana: 50/250 mcg c/12h
  Dosi Alta: 50/500 mcg c/12h
(D. Máx: 50/500 mcg/12h)",ICP,🔴 , 20-30 l/m,Lenta,https://scientiasalut.gencat.cat/handle/11351/11880,,,,★,
LABA/GCI,Salmeterol / Fluticasona propionat,Inaladuo®,"906842, 909820, 911610","pMDI: 25/50, 25/125, 25/250 mcg/inh","Pauta en MPOC: 50/500 mcg c/12 h
Pauta en Asma:
  Dosi Baixa: 50/100 mcg c/12h
  Dosi Mitjana: 50/250 mcg c/12h
  Dosi Alta: 50/500 mcg c/12h
(D. Máx: 50/500 mcg/12h)",ICP,🔴 , 20-30 l/m,Lenta,https://scientiasalut.gencat.cat/handle/11351/11880,,,,★,
LABA/GCI,Salmeterol / Fluticasona propionat,Plusvent®,"932178 , 932236 , 932228","pMDI: 25/50, 25/125, 25/250 mcg/inh","Pauta en MPOC: 50/500 mcg c/12 h
Pauta en Asma:
  Dosi Baixa: 50/100 mcg c/12h
  Dosi Mitjana: 50/250 mcg c/12h
  Dosi Alta: 50/500 mcg c/12h
(D. Máx: 50/500 mcg/12h)",ICP,🔴 , 20-30 l/m,Lenta,https://scientiasalut.gencat.cat/handle/11351/11880,,,,★,
LABA/GCI,Salmeterol / Fluticasona propionat,Salmeterol/fluticasona Cipla,"712329, 712330","pMDI: 25/50, 25/125, 25/250 mcg/inh","Pauta en MPOC: 50/500 mcg c/12 h
Pauta en Asma:
  Dosi Baixa: 50/100 mcg c/12h
  Dosi Mitjana: 50/250 mcg c/12h
  Dosi Alta: 50/500 mcg c/12h
(D. Máx: 50/500 mcg/12h)",ICP,🔴 , 20-30 l/m,Lenta,https://scientiasalut.gencat.cat/handle/11351/11880,,,,★,
LABA/GCI,Salmeterol / Fluticasona propionat,Airflusal®,"707896, 707904","Forspiro®: 50/250, 50/500 mcg/inh","Pauta en MPOC: 50/500 mcg c/12 h
Pauta en Asma:
  Dosi Baixa: 50/100 mcg c/12h
  Dosi Mitjana: 50/250 mcg c/12h
  Dosi Alta: 50/500 mcg c/12h
(D. Máx: 50/500 mcg/12h)",  IPS multi,🟢,,Ràpida,https://scientiasalut.gencat.cat/handle/11351/11819,,,,★,
LABA/GCI,Vilanterol / Fluticasona furoat,Relvar®,"700811, 700812","Ellipta®: 22/92, 22/184 mcg/inh","Pauta en MPOC: 92/22 mcg c/24h
Pauta en Asma:
  Dosi baixa/mitjana: 22/92 mcg c/24h
  Dosi alta: 22/184 mcg c/24h
(D.Màx: 184/22 mcg c/24h)",IPS multi,🟢,<50 l/m,Ràpida,https://scientiasalut.gencat.cat/handle/11351/11818,,,,,
LABA/GCI,Vilanterol / Fluticasona furoat,Revinty®,"722404, 722406","Ellipta®: 22/92, 22/184 mcg/inh","Pauta en MPOC: 92/22 mcg c/24h
Pauta en Asma:
  Dosi baixa/mitjana: 22/92 mcg c/24h
  Dosi alta: 22/184 mcg c/24h
(D.Màx: 184/22 mcg c/24h)",IPS multi,🟢,<50 l/m,Ràpida,https://scientiasalut.gencat.cat/handle/11351/11818,,,,,
LAMA/LABA/GCI,"Glicopirroni / Formoterol / Beclometasona
",Trimbow®,"718533, 730420","pMDI Modulite®: 9/5/87, 9/5/172 mcg","Pauta en MPOC: 18/10/174 mcg c/12 h
Pauta en Asma: 18/10/174 mcg c/12 h
9/5/172 mcg 2 inh c/12h
(D. Max: 18/10/344 mcg c/12h)",ICP,🔴 , 20-30 l/m,Lenta,https://scientiasalut.gencat.cat/handle/11351/11880,,,,★,MATMA
LAMA/LABA/GCI,"Glicopirroni / Formoterol / Beclometasona
",Trydonis®,723773,"pMDI Modulite®: 9/5/87, 9/5/172 mcg","Pauta en MPOC: 18/10/174 mcg c/12 h
Pauta en Asma: 18/10/174 mcg c/12 h
9/5/172 mcg 2 inh c/12h
(D. Max: 18/10/344 mcg c/12h)",ICP,🔴 , 20-30 l/m,Lenta,https://scientiasalut.gencat.cat/handle/11351/11880,,,,★,MATMA
LAMA/LABA/GCI,"Glicopirroni / Formoterol / Beclometasona
",Trydonis®,732776,Nexthaler®: 9/5/88 mcg/inh,"18/10/176 mcg c/12 h
(D. Màx: 18/10/176 mcg c/12h)",IPS multi,🟢,60-90 l/m,Ràpida,https://scientiasalut.gencat.cat/handle/11351/11881,,,,★,MATMA
LAMA/LABA/GCI,"Glicopirroni / Formoterol / Beclometasona
",Trimbow®,730791,Nexthaler®: 9/5/88 mcg/inh,"18/10/176 mcg c/12 h
(D. Màx: 18/10/176 mcg c/12h)",IPS multi,🟢,60-90 l/m,Ràpida,https://scientiasalut.gencat.cat/handle/11351/11881,,,,★,MATMA
LAMA/LABA/GCI,Umeclidini / Vilanterol / Fluticasona furoat,Trelegy®,719968,"Ellipta®: 55/22/92 mcg/inh
","Pauta en MPOC: 55/22/92 mcg c/24
Pauta en Asma: 55/22/92 mcg c/24
184/55/22 mcg c/24h
(D. Màx: 184/55/22 mcg c/24 h)",IPS multi,🟢,<50 l/m,Ràpida,https://scientiasalut.gencat.cat/handle/11351/11818,,,,,MATMA
LAMA/LABA/GCI,Umeclidini / Vilanterol / Fluticasona furoat,Elebrato®,723603,"Ellipta®: 55/22/92 mcg/inh
","Pauta en MPOC: 55/22/92 mcg c/24
Pauta en Asma: 55/22/92 mcg c/24
184/55/22 mcg c/24h
(D. Màx: 184/55/22 mcg c/24 h)",IPS multi,🟢,<50 l/m,Ràpida,https://scientiasalut.gencat.cat/handle/11351/11818,,,,,MATMA
LAMA/LABA/GCI,Glicopirroni / Formoterol / Budesonida,Trixeo®,730100,pMDI Aerosphere®: 7.2/5/160 mcg/inh,"Pauta en MPOC: 14.4/10/320 mcg c/12 h
(D. Màx: 14.4/10/320 mcg c/12 h)",ICP,🔴 , 20-30 l/m,Lenta,https://scientiasalut.gencat.cat/handle/11351/11880,,,,★,MATMA
LAMA/LABA/GCI,"Glicopirroni / Indacaterol / Furoato de mometasona
",Enerzair®,728965,Breezhaler®: 144/46/136,"Pauta en Asma: 114/46/136 c/24h
(D. Màx: 114/46/136 c/24h)",IPS uni ,🟢,>90 l/m,Ràpida,https://scientiasalut.gencat.cat/handle/11351/11816,,,,★,MATMA
LAMA/LABA/GCI,"Glicopirroni / Indacaterol / Furoato de mometasona
",Zimbus®,729880,Breezhaler®: 144/46/136,"Pauta en Asma: 114/46/136 c/24h
(D. Màx: 114/46/136 c/24h)",IPS uni ,🟢,>90 l/m,Ràpida,https://scientiasalut.gencat.cat/handle/11351/11816,,,,★,MATMA
SAMA,bromuro ipratropio,"ATROVENT MONODOSIS 250 mcg / 2ml SOLUCION PARA INHALACION POR NEBULIZADOR , 100 ampollas de 2 ml",648956,"ATROVENT MONODOSIS 250 mcg / 2ml SOLUCION PARA INHALACION POR NEBULIZADOR , 100 ampollas de 2 ml","MPOC: 40 µg si cal
D.màx: 240 µg/24h",NEB,—,—,—,,Tue May 19 2026 00:00:00 GMT+0200 (hora de verano de Europa central),https://cima.aemps.es/cima/publico/medicamento.html?nregistro=61185,NO INCORPORAR — nebulitzador,★,
SAMA,bromuro ipratropio,"ATROVENT MONODOSIS 250 mcg / 2ml SOLUCION PARA INHALACION POR NEBULIZADOR , 20 ampollas de 2 ml",678078,"ATROVENT MONODOSIS 250 mcg / 2ml SOLUCION PARA INHALACION POR NEBULIZADOR , 20 ampollas de 2 ml","MPOC: 40 µg si cal
D.màx: 240 µg/24h",NEB,—,—,—,,Tue May 19 2026 00:00:00 GMT+0200 (hora de verano de Europa central),https://cima.aemps.es/cima/publico/medicamento.html?nregistro=61185,NO INCORPORAR — nebulitzador,★,
SAMA,bromuro ipratropio,"ATROVENT MONODOSIS 500 mcg/ 2ml SOLUCION PARA INHALACION POR NEBULIZADOR, 100 ampollas de 2 ml",648964,"ATROVENT MONODOSIS 500 mcg/ 2ml SOLUCION PARA INHALACION POR NEBULIZADOR, 100 ampollas de 2 ml","MPOC: 40 µg si cal
D.màx: 240 µg/24h",NEB,—,—,—,,Tue May 19 2026 00:00:00 GMT+0200 (hora de verano de Europa central),https://cima.aemps.es/cima/publico/medicamento.html?nregistro=61184,NO INCORPORAR — nebulitzador,★,
SAMA,bromuro ipratropio,"ATROVENT MONODOSIS 500 mcg/ 2ml SOLUCION PARA INHALACION POR NEBULIZADOR, 20 ampollas de 2 ml",678086,"ATROVENT MONODOSIS 500 mcg/ 2ml SOLUCION PARA INHALACION POR NEBULIZADOR, 20 ampollas de 2 ml","MPOC: 40 µg si cal
D.màx: 240 µg/24h",NEB,—,—,—,,Tue May 19 2026 00:00:00 GMT+0200 (hora de verano de Europa central),https://cima.aemps.es/cima/publico/medicamento.html?nregistro=61184,NO INCORPORAR — nebulitzador,★,
LABA/GCI, Indacaterol / Furoato de mometasona, Bemrist®,"729878 , 729879 , 729877","Breezhaler®: 125/127,5 , 125/62,5 ,125/260","D.màx: 125 / 260  µg/24h
Asma baixa125 / 62,5 µg/24h
Asma mitjana:125 / 127,5 µg/24h
Asma alta: 125 / 260  µg/24h",IPS-uni,🟢,>90 l/m,Ràpida,https://scientiasalut.gencat.cat/handle/11351/11816,Tue May 19 2026 00:00:00 GMT+0200 (hora de verano de Europa central),https://cima.aemps.es/cima/publico/medicamento.html?nregistro=1201441006,,,
LABA/GCI,Formoterol / Beclometasona,Bibecfo®,"764529, 764531","pMDI:  6/100, 6/200","Pauta en MPOC: 12/200 mcg/12 h
Pauta en Asma:
  Dosi Baixa: 100/6 mcg: 1 inh c/12h
  Dosi Mitjana: 100/6 mcg: 2 inh c/12h
  Dosi Alta: 200/6 mcg: 2 inh c/12h
(D. Màx: 12/400 mcg c/12h)",ICP,🔴,20-30 l/m,Lenta,https://scientiasalut.gencat.cat/handle/11351/11880,Tue May 19 2026 00:00:00 GMT+0200 (hora de verano de Europa central),https://cima.aemps.es/cima/publico/medicamento.html?nregistro=89439,,,
GCI,budesonida,"BUDESONIDA ALDO-UNION 0,25 mg/ml SUSPENSION PARA INHALACION POR NEBULIZADOR , 20 ampollas de 2 ml",651628,"BUDESONIDA ALDO-UNION 0,25 mg/ml SUSPENSION PARA INHALACION POR NEBULIZADOR , 20 ampollas de 2 ml","MPOC: 200-400 µg/12h
D.màx: 800 µg/12h
Asma baixa: 200-400 µg/24h
Asma mitjana: 401-800 µg/24h
Asma alta: 801-1.600 µg/24h",NEB,—,—,—,,Tue May 19 2026 00:00:00 GMT+0200 (hora de verano de Europa central),https://cima.aemps.es/cima/publico/medicamento.html?nregistro=66943,NO INCORPORAR — nebulitzador,,
GCI,budesonida,"BUDESONIDA ALDO-UNION 0,5 mg/ml SUSPENSION PARA INHALACION POR NEBULIZADOR , 20 ampollas de 2 ml",651626,"BUDESONIDA ALDO-UNION 0,5 mg/ml SUSPENSION PARA INHALACION POR NEBULIZADOR , 20 ampollas de 2 ml","MPOC: 200-400 µg/12h
D.màx: 800 µg/12h
Asma baixa: 200-400 µg/24h
Asma mitjana: 401-800 µg/24h
Asma alta: 801-1.600 µg/24h",NEB,—,—,—,,Tue May 19 2026 00:00:00 GMT+0200 (hora de verano de Europa central),https://cima.aemps.es/cima/publico/medicamento.html?nregistro=66942,NO INCORPORAR — nebulitzador,,
GCI,budesonida,"BUDESONIDA ALDO-UNION 200 microgramos/pulsación SUSPENSIÓN PARA INHALACIÓN EN ENVASE A PRESIÓN, 1 inhalador de 200 dosis",799015,"BUDESONIDA ALDO-UNION 200 microgramos/pulsación SUSPENSIÓN PARA INHALACIÓN EN ENVASE A PRESIÓN, 1 inhalador de 200 dosis","MPOC: 200-400 µg/12h
D.màx: 800 µg/12h
Asma baixa: 200-400 µg/24h
Asma mitjana: 401-800 µg/24h
Asma alta: 801-1.600 µg/24h",ICP,🔴,20-30 l/m,Lenta,https://scientiasalut.gencat.cat/handle/11351/11880,Tue May 19 2026 00:00:00 GMT+0200 (hora de verano de Europa central),https://cima.aemps.es/cima/publico/medicamento.html?nregistro=61664,NOU — PENDENT VALIDACIÓ CLÍNICA,,
SABA/SAMA,salbutamol + bromuro ipratropio,"COMBIPRASAL 0.5 mg/2.5 mg SOLUCION PARA INHALACION POR NEBULIZADOR, 20 ampollas de 2,5 ml",677602,"COMBIPRASAL 0.5 mg/2.5 mg SOLUCION PARA INHALACION POR NEBULIZADOR, 20 ampollas de 2,5 ml","MPOC: 100-200/40 µg si cal
D.màx: 200/240 µg/24h",NEB,—,—,—,,Tue May 19 2026 00:00:00 GMT+0200 (hora de verano de Europa central),https://cima.aemps.es/cima/publico/medicamento.html?nregistro=73561,NO INCORPORAR — nebulitzador,,
GCI,fluticasona,"FLUSONAL ACCUHALER 500 MICROGRAMOS/INHALACION, POLVO PARA INHALACION, 1 inhalador de 60 dosis",689042,"FLUSONAL ACCUHALER 500 MICROGRAMOS/INHALACION, POLVO PARA INHALACION, 1 inhalador de 60 dosis","MPOC: 250-500 µg/12h
D.màx: 500 µg/12h
Asma baixa: 100-250 µg/24h
Asma mitjana: 251-500 µg/24h
Asma alta: 501-1.000 µg/24h",IPS-multi,🟢,60-90 l/m,Ràpida,https://scientiasalut.gencat.cat/handle/11351/11813,Tue May 19 2026 00:00:00 GMT+0200 (hora de verano de Europa central),https://cima.aemps.es/cima/publico/medicamento.html?nregistro=60530,NOU — PENDENT VALIDACIÓ CLÍNICA,,
LABA/GCI,fluticasona + formoterol,"FLUTIFORM 125 MICROGRAMOS / 5 MICROGRAMOS/ INHALACION SUPSENSION PARA INHALACION EN ENVASE A PRESION , 1 inhalador (120 pulsaciones)",701717,"FLUTIFORM 125 MICROGRAMOS / 5 MICROGRAMOS/ INHALACION SUPSENSION PARA INHALACION EN ENVASE A PRESION , 1 inhalador (120 pulsaciones)","MPOC: 5/125 µg/12h
D.màx: 5/250 µg/12h
Asma baixa: 5/100 µg/12h
Asma mitjana: 5/250 µg/12h
Asma alta: 5/500 µg/12h",ICP,🔴,20-30 l/m,Lenta,https://scientiasalut.gencat.cat/handle/11351/11880,Tue May 19 2026 00:00:00 GMT+0200 (hora de verano de Europa central),https://cima.aemps.es/cima/publico/medicamento.html?nregistro=78536,NOU — PENDENT VALIDACIÓ CLÍNICA,,
LABA/GCI,fluticasona + formoterol,"FLUTIFORM 250 MICROGRAMOS / 10 MICROGRAMOS/ INHALACION  SUSPENSION PARA INHALACION EN ENVASE A PRESION , 1 inhalador ( 120 pulsaciones)",701718,"FLUTIFORM 250 MICROGRAMOS / 10 MICROGRAMOS/ INHALACION  SUSPENSION PARA INHALACION EN ENVASE A PRESION , 1 inhalador ( 120 pulsaciones)","MPOC: 5/125 µg/12h
D.màx: 5/250 µg/12h
Asma baixa: 5/100 µg/12h
Asma mitjana: 5/250 µg/12h
Asma alta: 5/500 µg/12h",ICP,🔴,20-30 l/m,Lenta,https://scientiasalut.gencat.cat/handle/11351/11880,Tue May 19 2026 00:00:00 GMT+0200 (hora de verano de Europa central),https://cima.aemps.es/cima/publico/medicamento.html?nregistro=78537,NOU — PENDENT VALIDACIÓ CLÍNICA,,
LABA/GCI,fluticasona + formoterol,"FLUTIFORM 50 MICROGRAMOS / 5 MICROGRAMOS/ INHALACION SUSPENSION PARA INHALACION EN ENVASE A PRESION , 1 inhalador (120 pulsaciones)",701719,"FLUTIFORM 50 MICROGRAMOS / 5 MICROGRAMOS/ INHALACION SUSPENSION PARA INHALACION EN ENVASE A PRESION , 1 inhalador (120 pulsaciones)","MPOC: 5/125 µg/12h
D.màx: 5/250 µg/12h
Asma baixa: 5/100 µg/12h
Asma mitjana: 5/250 µg/12h
Asma alta: 5/500 µg/12h",ICP,🔴,20-30 l/m,Lenta,https://scientiasalut.gencat.cat/handle/11351/11880,Tue May 19 2026 00:00:00 GMT+0200 (hora de verano de Europa central),https://cima.aemps.es/cima/publico/medicamento.html?nregistro=78538,NOU — PENDENT VALIDACIÓ CLÍNICA,,
GCI,fluticasona,"INALACOR ACCUHALER 500 MICROGRAMOS/INHALACIÓN POLVO PARA INHALACIÓN, 1 inhalador + 60 alveolos",686097,"INALACOR ACCUHALER 500 MICROGRAMOS/INHALACIÓN POLVO PARA INHALACIÓN, 1 inhalador + 60 alveolos","MPOC: 250-500 µg/12h
D.màx: 500 µg/12h
Asma baixa: 100-250 µg/24h
Asma mitjana: 251-500 µg/24h
Asma alta: 501-1.000 µg/24h",IPS-multi,🟢,60-90 l/m,Ràpida,https://scientiasalut.gencat.cat/handle/11351/11813,Tue May 19 2026 00:00:00 GMT+0200 (hora de verano de Europa central),https://cima.aemps.es/cima/publico/medicamento.html?nregistro=60691,NOU — PENDENT VALIDACIÓ CLÍNICA,,
GCI,fluticasona,"INALACOR 250 MICROGRAMOS/INHALACIÓN SUSPENSIÓN PARA INHALACIÓN EN ENVASE A PRESIÓN, 1 inhalador + 1 cartucho de 120 dosis",686154,"INALACOR 250 MICROGRAMOS/INHALACIÓN SUSPENSIÓN PARA INHALACIÓN EN ENVASE A PRESIÓN, 1 inhalador + 1 cartucho de 120 dosis","MPOC: 250-500 µg/12h
D.màx: 500 µg/12h
Asma baixa: 100-250 µg/24h
Asma mitjana: 251-500 µg/24h
Asma alta: 501-1.000 µg/24h",ICP,🔴,20-30 l/m,Lenta,https://scientiasalut.gencat.cat/handle/11351/11880,Tue May 19 2026 00:00:00 GMT+0200 (hora de verano de Europa central),https://cima.aemps.es/cima/publico/medicamento.html?nregistro=60688,NOU — PENDENT VALIDACIÓ CLÍNICA,,
LABA,formoterol,"OXIS TURBUHALER  4,5 microgramos/INHALACION POLVO PARA INHALACION , 1 inhalador de 60 dosis",668871,"OXIS TURBUHALER  4,5 microgramos/INHALACION POLVO PARA INHALACION , 1 inhalador de 60 dosis","MPOC: 12 µg/12h
D.màx: 24 µg/12h",IPS-multi,🟢,50-60 l/m,Ràpida,https://scientiasalut.gencat.cat/handle/11351/11893,Tue May 19 2026 00:00:00 GMT+0200 (hora de verano de Europa central),https://cima.aemps.es/cima/publico/medicamento.html?nregistro=61666,NOU — PENDENT VALIDACIÓ CLÍNICA,★,
GCI,budesonida,"PULMICORT 0,25 mg/ml SUSPENSION PARA INHALACION POR  NEBULIZADOR, 5 ampollas de 2 ml",901199,"PULMICORT 0,25 mg/ml SUSPENSION PARA INHALACION POR  NEBULIZADOR, 5 ampollas de 2 ml","MPOC: 200-400 µg/12h
D.màx: 800 µg/12h
Asma baixa: 200-400 µg/24h
Asma mitjana: 401-800 µg/24h
Asma alta: 801-1.600 µg/24h",NEB,—,—,—,,Tue May 19 2026 00:00:00 GMT+0200 (hora de verano de Europa central),https://cima.aemps.es/cima/publico/medicamento.html?nregistro=59298,NO INCORPORAR — nebulitzador,,
GCI,budesonida,"PULMICORT 0,50 mg/ml SUSPENSION PARA INHALACION POR NEBULIZADOR, 5 ampollas de 2 ml",901082,"PULMICORT 0,50 mg/ml SUSPENSION PARA INHALACION POR NEBULIZADOR, 5 ampollas de 2 ml","MPOC: 200-400 µg/12h
D.màx: 800 µg/12h
Asma baixa: 200-400 µg/24h
Asma mitjana: 401-800 µg/24h
Asma alta: 801-1.600 µg/24h",NEB,—,—,—,,Tue May 19 2026 00:00:00 GMT+0200 (hora de verano de Europa central),https://cima.aemps.es/cima/publico/medicamento.html?nregistro=59297,NO INCORPORAR — nebulitzador,,
SABA,salbutamol,"SALBUAIR 2.5 mg SOLUCION PARA INHALACION POR NEBULIZADOR , 60 ampollas de 2,5 ml",677362,"SALBUAIR 2.5 mg SOLUCION PARA INHALACION POR NEBULIZADOR , 60 ampollas de 2,5 ml","MPOC: 100-200 µg si cal
D.màx: 200 µg/6h",NEB,—,—,—,,Tue May 19 2026 00:00:00 GMT+0200 (hora de verano de Europa central),https://cima.aemps.es/cima/publico/medicamento.html?nregistro=73563,NO INCORPORAR — nebulitzador,★,
SABA,salbutamol,"SALBUAIR 5 mg SOLUCION PARA INHALACION POR NEBULIZADOR, 60 ampollas de 2,5 ml",677363,"SALBUAIR 5 mg SOLUCION PARA INHALACION POR NEBULIZADOR, 60 ampollas de 2,5 ml","MPOC: 100-200 µg si cal
D.màx: 200 µg/6h",NEB,—,—,—,,Tue May 19 2026 00:00:00 GMT+0200 (hora de verano de Europa central),https://cima.aemps.es/cima/publico/medicamento.html?nregistro=73562,NO INCORPORAR — nebulitzador,★,
SABA,salbutamol,SALBUTAMOL ALDO-UNION 100 microgramos/dosis SUSPENSION PARA INHALACION EN ENVASE A PRESION  20 inhaladores de 200 dosis,607323,SALBUTAMOL ALDO-UNION 100 microgramos/dosis SUSPENSION PARA INHALACION EN ENVASE A PRESION  20 inhaladores de 200 dosis,"MPOC: 100-200 µg si cal
D.màx: 200 µg/6h",ICP,🔴,20-30 l/m,Lenta,https://scientiasalut.gencat.cat/handle/11351/11880,Tue May 19 2026 00:00:00 GMT+0200 (hora de verano de Europa central),https://cima.aemps.es/cima/publico/medicamento.html?nregistro=65850,NOU — PENDENT VALIDACIÓ CLÍNICA,★,
LAMA,glicopirronio,"SEEBRI BREEZHALER 44 MICROGRAMOS POLVO PARA INHALACION (CAPSULA DURA) , 1 inhalador + 30 cápsulas",694302,"SEEBRI BREEZHALER 44 MICROGRAMOS POLVO PARA INHALACION (CAPSULA DURA) , 1 inhalador + 30 cápsulas","MPOC: 44 µg/24h
D.màx: 44 µg/24h",IPS-uni,🟢,>90 l/m,Ràpida,https://scientiasalut.gencat.cat/handle/11351/11816,Tue May 19 2026 00:00:00 GMT+0200 (hora de verano de Europa central),https://cima.aemps.es/cima/publico/medicamento.html?nregistro=12778003,NOU — PENDENT VALIDACIÓ CLÍNICA,,
LABA/LAMA,olodaterol + tiotropio,"SPIOLTO RESPIMAT 2,5 MICROGRAMOS/2,5 MICROGRAMOS SOLUCION PARA INHALACION 1 cartucho de 60 pulsaciones (30 dosis)",726795,"SPIOLTO RESPIMAT 2,5 MICROGRAMOS/2,5 MICROGRAMOS SOLUCION PARA INHALACION 1 cartucho de 60 pulsaciones (30 dosis)","MPOC: 5/5 µg/24h
D.màx: 5/5 µg/24h",IVS,🟢,20-30 l/m,Lenta,https://scientiasalut.gencat.cat/handle/11351/11891,Tue May 19 2026 00:00:00 GMT+0200 (hora de verano de Europa central),https://cima.aemps.es/cima/publico/medicamento.html?nregistro=79967,NOU — PENDENT VALIDACIÓ CLÍNICA,,
LAMA,tiotropio,"SPIRIVA RESPIMAT 2,5 microgramos SOLUCION PARA INHALACION, 1 inhalador recargable + 1 cartucho de 60 pulsaciones (30 dosis)",725702,"SPIRIVA RESPIMAT 2,5 microgramos SOLUCION PARA INHALACION, 1 inhalador recargable + 1 cartucho de 60 pulsaciones (30 dosis)","MPOC: 18 µg/24h (Handihaler) / 5 µg/24h (Respimat) / 10 µg/24h (Zonda)
D.màx: = pauta",IVS,🟢,20-30 l/m,Lenta,https://scientiasalut.gencat.cat/handle/11351/11891,Tue May 19 2026 00:00:00 GMT+0200 (hora de verano de Europa central),https://cima.aemps.es/cima/publico/medicamento.html?nregistro=69589,NOU — PENDENT VALIDACIÓ CLÍNICA,★,
LAMA,tiotropio,"TAVULUS 18 MICROGRAMOS POLVO PARA INHALACION (CAPSULA DURA), 30 cápsulas + inhalador",731040,"TAVULUS 18 MICROGRAMOS POLVO PARA INHALACION (CAPSULA DURA), 30 cápsulas + inhalador","MPOC: 18 µg/24h (Handihaler) / 5 µg/24h (Respimat) / 10 µg/24h (Zonda)
D.màx: = pauta",IPS-uni,🟢,<50 l/m,Ràpida,https://scientiasalut.gencat.cat/handle/11351/11816,Tue May 19 2026 00:00:00 GMT+0200 (hora de verano de Europa central),https://cima.aemps.es/cima/publico/medicamento.html?nregistro=85978,NOU — PENDENT VALIDACIÓ CLÍNICA,★,
SABA,salbutamol,"VENTOLIN 5 mg/ml SOLUCION PARA INHALACION POR NEBULIZADOR, 1 frasco de 10 ml",941807,"VENTOLIN 5 mg/ml SOLUCION PARA INHALACION POR NEBULIZADOR, 1 frasco de 10 ml","MPOC: 100-200 µg si cal
D.màx: 200 µg/6h",NEB,—,—,—,,Tue May 19 2026 00:00:00 GMT+0200 (hora de verano de Europa central),https://cima.aemps.es/cima/publico/medicamento.html?nregistro=55147,NO INCORPORAR — nebulitzador,★,
LABA/LAMA,olodaterol + tiotropio,"YANIMO RESPIMAT 2,5 MICROGRAMOS / 2,5 MICROGRAMOS SOLUCION PARA INHALACION, 1 inhalador recargable + 1 cartucho de 60 pulsaciones (30 dosis",726790,"YANIMO RESPIMAT 2,5 MICROGRAMOS / 2,5 MICROGRAMOS SOLUCION PARA INHALACION, 1 inhalador recargable + 1 cartucho de 60 pulsaciones (30 dosis","MPOC: 5/5 µg/24h
D.màx: 5/5 µg/24h",IVS,🟢,20-30 l/m,Lenta,https://scientiasalut.gencat.cat/handle/11351/11891,Tue May 19 2026 00:00:00 GMT+0200 (hora de verano de Europa central),https://cima.aemps.es/cima/publico/medicamento.html?nregistro=79966,NOU — PENDENT VALIDACIÓ CLÍNICA,,
LABA/GCI,Salmeterol / Fluticasona propionat,"AMAIRA 50 MICROGRAMOS/100 MICROGRAMOS/INHALACION, POLVO PARA INHALACION (UNIDOSIS), 1 inhalador de 60 dosis",730593,"AMAIRA 50 MICROGRAMOS/100 MICROGRAMOS/INHALACION, POLVO PARA INHALACION (UNIDOSIS), 1 inhalador de 60 dosis","MPOC: 50/500 µg/12h
D.màx: 50/500 µg/12h
Asma baixa: 50/100 µg/12h
Asma mitjana: 50/250 µg/12h
Asma alta: 50/500 µg/12h",IPS-uni,🟢,<50 l/m,Ràpida,https://scientiasalut.gencat.cat/handle/11351/11816,Tue May 19 2026 00:00:00 GMT+0200 (hora de verano de Europa central),https://cima.aemps.es/cima/publico/medicamento.html?nregistro=85851,NO INCORPORAR,,
LABA/GCI,Salmeterol / Fluticasona propionat,"AMAIRA 50 MICROGRAMOS/250 MICROGRAMOS/INHALACION, POLVO PARA INHALACION (UNIDOSIS), 1 Inhalador de 60 dosis",730594,"AMAIRA 50 MICROGRAMOS/250 MICROGRAMOS/INHALACION, POLVO PARA INHALACION (UNIDOSIS), 1 Inhalador de 60 dosis","MPOC: 50/500 µg/12h
D.màx: 50/500 µg/12h
Asma baixa: 50/100 µg/12h
Asma mitjana: 50/250 µg/12h
Asma alta: 50/500 µg/12h",IPS-uni,🟢,<50 l/m,Ràpida,https://scientiasalut.gencat.cat/handle/11351/11816,Tue May 19 2026 00:00:00 GMT+0200 (hora de verano de Europa central),https://cima.aemps.es/cima/publico/medicamento.html?nregistro=85852,NO INCORPORAR,,
LABA/GCI,Salmeterol / Fluticasona propionat,"AMAIRA 50 MICROGRAMOS/500 MICROGRAMOS/INHALACION, POLVO PARA INHALACION (UNIDOSIS), 1 inhalador de 60 dosis",730595,"AMAIRA 50 MICROGRAMOS/500 MICROGRAMOS/INHALACION, POLVO PARA INHALACION (UNIDOSIS), 1 inhalador de 60 dosis","MPOC: 50/500 µg/12h
D.màx: 50/500 µg/12h
Asma baixa: 50/100 µg/12h
Asma mitjana: 50/250 µg/12h
Asma alta: 50/500 µg/12h",IPS-uni,🟢,<50 l/m,Ràpida,https://scientiasalut.gencat.cat/handle/11351/11816,Tue May 19 2026 00:00:00 GMT+0200 (hora de verano de Europa central),https://cima.aemps.es/cima/publico/medicamento.html?nregistro=85853,NO INCORPORAR,,
LABA/GCI, Indacaterol / Furoato de mometasona,"ATECTURA BREEZHALER 125 microgramos/127,5 microgramos POLVO PARA INHALACION (CAPSULA DURA), 30 x 1 cápsulas (dosis unitaria) + 1 inhalador",728970,"ATECTURA BREEZHALER 125 microgramos/127,5 microgramos POLVO PARA INHALACION (CAPSULA DURA), 30 x 1 cápsulas (dosis unitaria) + 1 inhalador",,IPS-uni,🟢,>90 l/m,Ràpida,https://scientiasalut.gencat.cat/handle/11351/11816,Tue May 19 2026 00:00:00 GMT+0200 (hora de verano de Europa central),https://cima.aemps.es/cima/publico/medicamento.html?nregistro=1201439006,NO INCORPORAR  ,,
LABA/GCI, Indacaterol / Furoato de mometasona,"ATECTURA BREEZHALER 125 microgramos/260 microgramos POLVO PARA INHALACION (CAPSULA DURA), 30 x 1 cápsulas (dosis unitaria) + 1 inhalador",728971,"ATECTURA BREEZHALER 125 microgramos/260 microgramos POLVO PARA INHALACION (CAPSULA DURA), 30 x 1 cápsulas (dosis unitaria) + 1 inhalador",,IPS-uni,🟢,>90 l/m,Ràpida,https://scientiasalut.gencat.cat/handle/11351/11816,Tue May 19 2026 00:00:00 GMT+0200 (hora de verano de Europa central),https://cima.aemps.es/cima/publico/medicamento.html?nregistro=1201439010,NO INCORPORAR  ,,
LABA/GCI, Indacaterol / Furoato de mometasona,"ATECTURA BREEZHALER 125 microgramos/62,5 microgramos POLVO PARA INHALACION (CAPSULA DURA), 30 x 1 cápsulas (dosis unitaria) + 1 inhalador",728969,"ATECTURA BREEZHALER 125 microgramos/62,5 microgramos POLVO PARA INHALACION (CAPSULA DURA), 30 x 1 cápsulas (dosis unitaria) + 1 inhalador",,IPS-uni,🟢,>90 l/m,Ràpida,https://scientiasalut.gencat.cat/handle/11351/11816,Tue May 19 2026 00:00:00 GMT+0200 (hora de verano de Europa central),https://cima.aemps.es/cima/publico/medicamento.html?nregistro=1201439002,NO INCORPORAR  ,,
GCI,beclometasona,"BECLO-ASMA 100 MICROGRAMOS/PULSACION SOLUCION PARA INHALACION EN ENVASE A PRESION, 1 inhalador de 200 dosis",714479,"BECLO-ASMA 100 MICROGRAMOS/PULSACION SOLUCION PARA INHALACION EN ENVASE A PRESION, 1 inhalador de 200 dosis","MPOC: 250-500 µg/12h
D.màx: 1.000 µg/12h
Asma baixa: 200-500 µg/24h
Asma mitjana: 501-1.000 µg/24h
Asma alta: 1.001-2.000 µg/24h",ICP,🔴,20-30 l/m,Lenta,https://scientiasalut.gencat.cat/handle/11351/11880,Tue May 19 2026 00:00:00 GMT+0200 (hora de verano de Europa central),https://cima.aemps.es/cima/publico/medicamento.html?nregistro=81684,NOU — PENDENT VALIDACIÓ CLÍNICA,,
GCI,beclometasona,"BECLO-ASMA 50 MICROGRAMOS/PULSACION SOLUCION PARA INHALACION EN ENVASE A PRESION, 1 inhalador de 200 dosis",714441,"BECLO-ASMA 50 MICROGRAMOS/PULSACION SOLUCION PARA INHALACION EN ENVASE A PRESION, 1 inhalador de 200 dosis","MPOC: 250-500 µg/12h
D.màx: 1.000 µg/12h
Asma baixa: 200-500 µg/24h
Asma mitjana: 501-1.000 µg/24h
Asma alta: 1.001-2.000 µg/24h",ICP,🔴,20-30 l/m,Lenta,https://scientiasalut.gencat.cat/handle/11351/11880,Tue May 19 2026 00:00:00 GMT+0200 (hora de verano de Europa central),https://cima.aemps.es/cima/publico/medicamento.html?nregistro=81667,NOU — PENDENT VALIDACIÓ CLÍNICA,,
SAMA,bromuro ipratropio,"BROMURO DE IPRATROPIO ALDO-UNION 500 microgramos SOLUCION PARA INHALACION POR NEBULIZADOR, 20 ampollas de 2 ml",663046,"BROMURO DE IPRATROPIO ALDO-UNION 500 microgramos SOLUCION PARA INHALACION POR NEBULIZADOR, 20 ampollas de 2 ml","MPOC: 40 µg si cal
D.màx: 240 µg/24h",NEB,—,—,—,,Tue May 19 2026 00:00:00 GMT+0200 (hora de verano de Europa central),https://cima.aemps.es/cima/publico/medicamento.html?nregistro=70939,NO INCORPORAR — nebulitzador,★,
SABA/SAMA,salbutamol + bromuro ipratropio,"BROMURO DE IPRATROPIO/SALBUTAMOL GENETIC 0,5 MG/2,5 MG SOLUCION PARA INHALACION POR NEBULIZADOR, 20 ampollas",757412,"BROMURO DE IPRATROPIO/SALBUTAMOL GENETIC 0,5 MG/2,5 MG SOLUCION PARA INHALACION POR NEBULIZADOR, 20 ampollas","MPOC: 100-200/40 µg si cal
D.màx: 200/240 µg/24h",NEB,—,—,—,,Tue May 19 2026 00:00:00 GMT+0200 (hora de verano de Europa central),https://cima.aemps.es/cima/publico/medicamento.html?nregistro=87927,NO INCORPORAR — nebulitzador,,
GCI,budesonida,"BUDENA 0,25 MG/ML SUSPENSION PARA INHALACION POR NEBULIZADOR, 20 ampollas de 2 ml",728863,"BUDENA 0,25 MG/ML SUSPENSION PARA INHALACION POR NEBULIZADOR, 20 ampollas de 2 ml","MPOC: 200-400 µg/12h
D.màx: 800 µg/12h
Asma baixa: 200-400 µg/24h
Asma mitjana: 401-800 µg/24h
Asma alta: 801-1.600 µg/24h",NEB,—,—,—,,Tue May 19 2026 00:00:00 GMT+0200 (hora de verano de Europa central),https://cima.aemps.es/cima/publico/medicamento.html?nregistro=85219,NO INCORPORAR — nebulitzador,,
GCI,budesonida,"BUDENA 0,5 MG/ML SUSPENSION PARA INHALACION POR NEBULIZADOR, 20 ampollas de 2 ml",728864,"BUDENA 0,5 MG/ML SUSPENSION PARA INHALACION POR NEBULIZADOR, 20 ampollas de 2 ml","MPOC: 200-400 µg/12h
D.màx: 800 µg/12h
Asma baixa: 200-400 µg/24h
Asma mitjana: 401-800 µg/24h
Asma alta: 801-1.600 µg/24h",NEB,—,—,—,,Tue May 19 2026 00:00:00 GMT+0200 (hora de verano de Europa central),https://cima.aemps.es/cima/publico/medicamento.html?nregistro=85220,NO INCORPORAR — nebulitzador,,
GCI,budesonida,"BUDESONIDA PULMICTAN 200 microgramos/INHALACION SUSPENSION PARA INHALACION EN ENVASE A PRESION , 1 inhalador de 200 dosis",686770,"BUDESONIDA PULMICTAN 200 microgramos/INHALACION SUSPENSION PARA INHALACION EN ENVASE A PRESION , 1 inhalador de 200 dosis","MPOC: 200-400 µg/12h
D.màx: 800 µg/12h
Asma baixa: 200-400 µg/24h
Asma mitjana: 401-800 µg/24h
Asma alta: 801-1.600 µg/24h",ICP,🔴,20-30 l/m,Lenta,https://scientiasalut.gencat.cat/handle/11351/11880,Tue May 19 2026 00:00:00 GMT+0200 (hora de verano de Europa central),https://cima.aemps.es/cima/publico/medicamento.html?nregistro=59035,NOU — PENDENT VALIDACIÓ CLÍNICA,,
LABA/GCI,budesonida + formoterol,"BUDESONIDA/FORMOTEROL CIPLA 160 MICROGRAMOS/4,5 MICROGRAMOS/INHALACION POLVO PARA INHALACION (UNIDOSIS), 1 inhalador (60 dosis)",723825,"BUDESONIDA/FORMOTEROL CIPLA 160 MICROGRAMOS/4,5 MICROGRAMOS/INHALACION POLVO PARA INHALACION (UNIDOSIS), 1 inhalador (60 dosis)","MPOC: 9/320 µg/12h
D.màx: 36/1.280 µg/24h
Asma baixa: 4.5/160 µg/12h
Asma mitjana: 9/320 µg/12h
Asma alta: 2 inh 9/320 µg/12h",IPS-uni,🟢,<50 l/m,Ràpida,https://scientiasalut.gencat.cat/handle/11351/11816,Tue May 19 2026 00:00:00 GMT+0200 (hora de verano de Europa central),https://cima.aemps.es/cima/publico/medicamento.html?nregistro=83517,NOU — PENDENT VALIDACIÓ CLÍNICA,,
LABA/GCI,budesonida + formoterol,"BUDESONIDA/FORMOTEROL CIPLA 160 MICROGRAMOS/4,5 MICROGRAMOS/INHALACION POLVO PARA INHALACION (UNIDOSIS), 2 inhaladores ( 2 x 60 dosis)",731458,"BUDESONIDA/FORMOTEROL CIPLA 160 MICROGRAMOS/4,5 MICROGRAMOS/INHALACION POLVO PARA INHALACION (UNIDOSIS), 2 inhaladores ( 2 x 60 dosis)","MPOC: 9/320 µg/12h
D.màx: 36/1.280 µg/24h
Asma baixa: 4.5/160 µg/12h
Asma mitjana: 9/320 µg/12h
Asma alta: 2 inh 9/320 µg/12h",IPS-uni,🟢,<50 l/m,Ràpida,https://scientiasalut.gencat.cat/handle/11351/11816,Tue May 19 2026 00:00:00 GMT+0200 (hora de verano de Europa central),https://cima.aemps.es/cima/publico/medicamento.html?nregistro=83517,NOU — PENDENT VALIDACIÓ CLÍNICA,,